Timestamp,Watts,Energy_kWh,Carbon_gCO2e,Water_Liters
Tue May 12 19:17:34 2026,0.755,2.09722e-07,9.96181e-05,4.02667e-07
Tue May 12 19:17:36 2026,0.203,5.63889e-08,2.67847e-05,1.08267e-07
Tue May 12 19:17:39 2026,0.494,1.37222e-07,6.51806e-05,2.63467e-07
Tue May 12 19:17:42 2026,0.227,6.30556e-08,2.99514e-05,1.21067e-07
Tue May 12 19:17:44 2026,0.514,1.42778e-07,6.78194e-05,2.74133e-07
Tue May 12 19:17:47 2026,1.313,3.64722e-07,0.000173243,7.00267e-07
Tue May 12 19:17:49 2026,0.257,7.13889e-08,3.39097e-05,1.37067e-07
Tue May 12 19:17:52 2026,0.284,7.88889e-08,3.74722e-05,1.51467e-07
Tue May 12 19:17:54 2026,1.916,5.32222e-07,0.000252806,1.02187e-06
Tue May 12 19:17:57 2026,0.444,1.23333e-07,5.85833e-05,2.368e-07
Tue May 12 19:18:00 2026,0.36,1e-07,4.75e-05,1.92e-07
Tue May 12 19:18:02 2026,0.054,1.5e-08,7.125e-06,2.88e-08
Tue May 12 19:18:05 2026,1.088,3.02222e-07,0.000143556,5.80267e-07
Tue May 12 19:18:07 2026,0.22,6.11111e-08,2.90278e-05,1.17333e-07
Tue May 12 19:18:10 2026,1.593,4.425e-07,0.000210187,8.496e-07
Tue May 12 19:18:13 2026,0.387,1.075e-07,5.10625e-05,2.064e-07
Tue May 12 19:18:15 2026,0.592,1.64444e-07,7.81111e-05,3.15733e-07
Tue May 12 19:18:18 2026,1.068,2.96667e-07,0.000140917,5.696e-07
Tue May 12 19:18:20 2026,0.607,1.68611e-07,8.00903e-05,3.23733e-07
Tue May 12 19:18:23 2026,0.457,1.26944e-07,6.02986e-05,2.43733e-07
Tue May 12 19:18:25 2026,1.349,3.74722e-07,0.000177993,7.19467e-07
Tue May 12 19:18:28 2026,0.926,2.57222e-07,0.000122181,4.93867e-07
Tue May 12 19:18:31 2026,0.603,1.675e-07,7.95625e-05,3.216e-07
Tue May 12 19:18:33 2026,1.193,3.31389e-07,0.00015741,6.36267e-07
Tue May 12 19:18:36 2026,1.663,4.61944e-07,0.000219424,8.86933e-07
Tue May 12 19:18:38 2026,2.81,7.80556e-07,0.000370764,1.49867e-06
Tue May 12 19:18:41 2026,0.128,3.55556e-08,1.68889e-05,6.82667e-08
Tue May 12 19:18:43 2026,0.879,2.44167e-07,0.000115979,4.688e-07
Tue May 12 19:18:46 2026,0.998,2.77222e-07,0.000131681,5.32267e-07
Tue May 12 19:18:49 2026,0.849,2.35833e-07,0.000112021,4.528e-07
Tue May 12 19:18:51 2026,0.018,5e-09,2.375e-06,9.6e-09
Tue May 12 19:18:54 2026,0.018,5e-09,2.375e-06,9.6e-09
Tue May 12 19:18:56 2026,0.018,5e-09,2.375e-06,9.6e-09
Tue May 12 19:18:59 2026,0.097,2.69444e-08,1.27986e-05,5.17333e-08
Tue May 12 19:19:02 2026,0.291,8.08333e-08,3.83958e-05,1.552e-07
Tue May 12 19:19:04 2026,0.016,4.44444e-09,2.11111e-06,8.53333e-09
Tue May 12 19:19:07 2026,0.048,1.33333e-08,6.33333e-06,2.56e-08
Tue May 12 19:19:09 2026,0.015,4.16667e-09,1.97917e-06,8e-09
Tue May 12 19:19:12 2026,0.015,4.16667e-09,1.97917e-06,8e-09
Tue May 12 19:19:14 2026,0.016,4.44444e-09,2.11111e-06,8.53333e-09
Tue May 12 19:19:17 2026,0.044,1.22222e-08,5.80556e-06,2.34667e-08
Tue May 12 19:19:20 2026,0.015,4.16667e-09,1.97917e-06,8e-09
Tue May 12 19:19:22 2026,0.105,2.91667e-08,1.38542e-05,5.6e-08
Tue May 12 19:19:25 2026,0.07,1.94444e-08,9.23611e-06,3.73333e-08
Tue May 12 19:19:27 2026,0.018,5e-09,2.375e-06,9.6e-09
Tue May 12 19:19:30 2026,0.068,1.88889e-08,8.97222e-06,3.62667e-08
Tue May 12 19:19:32 2026,0.015,4.16667e-09,1.97917e-06,8e-09
Tue May 12 19:19:35 2026,0.311,8.63889e-08,4.10347e-05,1.65867e-07
Tue May 12 19:19:38 2026,0.045,1.25e-08,5.9375e-06,2.4e-08
Tue May 12 19:19:40 2026,0.073,2.02778e-08,9.63194e-06,3.89333e-08
Tue May 12 19:19:43 2026,0.015,4.16667e-09,1.97917e-06,8e-09
Tue May 12 19:19:45 2026,0.073,2.02778e-08,9.63194e-06,3.89333e-08
Tue May 12 19:19:48 2026,0.017,4.72222e-09,2.24306e-06,9.06667e-09
Tue May 12 19:19:50 2026,0.068,1.88889e-08,8.97222e-06,3.62667e-08
Tue May 12 19:19:53 2026,0.015,4.16667e-09,1.97917e-06,8e-09
Tue May 12 19:19:56 2026,0.114,3.16667e-08,1.50417e-05,6.08e-08
Tue May 12 19:19:58 2026,0.015,4.16667e-09,1.97917e-06,8e-09
Tue May 12 19:20:01 2026,0.019,5.27778e-09,2.50694e-06,1.01333e-08
Tue May 12 19:20:03 2026,0.55,1.52778e-07,7.25694e-05,2.93333e-07
Tue May 12 19:20:06 2026,0.263,7.30556e-08,3.47014e-05,1.40267e-07
Tue May 12 19:44:01 2026,0.015,4.16667e-09,1.97917e-06,8e-09
Tue May 12 19:44:03 2026,0.758,2.10556e-07,0.000100014,4.04267e-07
Tue May 12 19:44:06 2026,0.745,2.06944e-07,9.82986e-05,3.97333e-07
Tue May 12 19:44:09 2026,0.807,2.24167e-07,0.000106479,4.304e-07
Tue May 12 19:44:11 2026,0.803,2.23056e-07,0.000105951,4.28267e-07
Tue May 12 19:44:14 2026,0.635,1.76389e-07,8.37847e-05,3.38667e-07
Tue May 12 19:44:16 2026,0.463,1.28611e-07,6.10903e-05,2.46933e-07
Tue May 12 19:44:19 2026,0.93,2.58333e-07,0.000122708,4.96e-07
Tue May 12 19:44:22 2026,0.961,2.66944e-07,0.000126799,5.12533e-07
Tue May 12 19:44:24 2026,0.888,2.46667e-07,0.000117167,4.736e-07
Tue May 12 19:44:27 2026,0.627,1.74167e-07,8.27292e-05,3.344e-07
Tue May 12 19:44:29 2026,0.965,2.68056e-07,0.000127326,5.14667e-07
Tue May 12 19:44:32 2026,0.272,7.55556e-08,3.58889e-05,1.45067e-07
Tue May 12 19:44:35 2026,0.952,2.64444e-07,0.000125611,5.07733e-07
Tue May 12 19:44:37 2026,2.846,7.90556e-07,0.000375514,1.51787e-06
Tue May 12 19:44:40 2026,2.019,5.60833e-07,0.000266396,1.0768e-06
Tue May 12 19:44:42 2026,0.279,7.75e-08,3.68125e-05,1.488e-07
Tue May 12 19:44:45 2026,0.074,2.05556e-08,9.76389e-06,3.94667e-08
Tue May 12 19:44:48 2026,0.018,5e-09,2.375e-06,9.6e-09
Tue May 12 19:44:50 2026,0.07,1.94444e-08,9.23611e-06,3.73333e-08
Tue May 12 19:44:53 2026,0.022,6.11111e-09,2.90278e-06,1.17333e-08
Tue May 12 19:44:55 2026,0.071,1.97222e-08,9.36806e-06,3.78667e-08
Tue May 12 19:44:58 2026,0.017,4.72222e-09,2.24306e-06,9.06667e-09
Tue May 12 19:45:01 2026,0.068,1.88889e-08,8.97222e-06,3.62667e-08
Tue May 12 19:45:03 2026,0.027,7.5e-09,3.5625e-06,1.44e-08
Tue May 12 19:45:06 2026,0.07,1.94444e-08,9.23611e-06,3.73333e-08
Tue May 12 19:45:08 2026,0.163,4.52778e-08,2.15069e-05,8.69333e-08
Tue May 12 19:45:11 2026,0.271,7.52778e-08,3.57569e-05,1.44533e-07
Tue May 12 19:45:13 2026,0.134,3.72222e-08,1.76806e-05,7.14667e-08
Tue May 12 19:45:16 2026,0.361,1.00278e-07,4.76319e-05,1.92533e-07
Tue May 12 19:45:19 2026,0.221,6.13889e-08,2.91597e-05,1.17867e-07
Tue May 12 19:45:21 2026,0.048,1.33333e-08,6.33333e-06,2.56e-08
Tue May 12 19:45:24 2026,0.022,6.11111e-09,2.90278e-06,1.17333e-08
Tue May 12 19:45:26 2026,0.021,5.83333e-09,2.77083e-06,1.12e-08
Tue May 12 19:45:29 2026,0.02,5.55556e-09,2.63889e-06,1.06667e-08
Tue May 12 19:45:31 2026,0.016,4.44444e-09,2.11111e-06,8.53333e-09
Tue May 12 19:45:34 2026,0.019,5.27778e-09,2.50694e-06,1.01333e-08
Tue May 12 19:45:37 2026,0.016,4.44444e-09,2.11111e-06,8.53333e-09
Tue May 12 19:45:39 2026,0.024,6.66667e-09,3.16667e-06,1.28e-08
Tue May 12 19:45:42 2026,0.02,5.55556e-09,2.63889e-06,1.06667e-08
Tue May 12 19:45:44 2026,0.021,5.83333e-09,2.77083e-06,1.12e-08
Tue May 12 19:45:47 2026,0.017,4.72222e-09,2.24306e-06,9.06667e-09
Tue May 12 19:45:50 2026,0.017,4.72222e-09,2.24306e-06,9.06667e-09
Tue May 12 19:45:52 2026,0.03,8.33333e-09,3.95833e-06,1.6e-08
Tue May 12 19:45:55 2026,0.017,4.72222e-09,2.24306e-06,9.06667e-09
Tue May 12 19:45:57 2026,0.015,4.16667e-09,1.97917e-06,8e-09
Tue May 12 19:46:00 2026,0.015,4.16667e-09,1.97917e-06,8e-09
Tue May 12 19:46:02 2026,0.014,3.88889e-09,1.84722e-06,7.46667e-09
Tue May 12 19:46:05 2026,0.069,1.91667e-08,9.10417e-06,3.68e-08
Tue May 12 19:46:08 2026,0.015,4.16667e-09,1.97917e-06,8e-09
Tue May 12 19:46:10 2026,0.074,2.05556e-08,9.76389e-06,3.94667e-08
Tue May 12 19:46:13 2026,0.027,7.5e-09,3.5625e-06,1.44e-08
Tue May 12 19:46:15 2026,0.067,1.86111e-08,8.84028e-06,3.57333e-08
Tue May 12 19:46:18 2026,0.017,4.72222e-09,2.24306e-06,9.06667e-09
Tue May 12 19:46:20 2026,2.805,7.79167e-07,0.000370104,1.496e-06
Tue May 12 19:46:23 2026,1.575,4.375e-07,0.000207812,8.4e-07
Tue May 12 19:46:26 2026,0.697,1.93611e-07,9.19653e-05,3.71733e-07
Tue May 12 19:46:28 2026,0.654,1.81667e-07,8.62917e-05,3.488e-07
Tue May 12 19:46:31 2026,2.446,6.79444e-07,0.000322736,1.30453e-06
Tue May 12 19:46:33 2026,0.623,1.73056e-07,8.22014e-05,3.32267e-07
Tue May 12 19:46:36 2026,1.136,3.15556e-07,0.000149889,6.05867e-07
Tue May 12 19:46:39 2026,0.778,2.16111e-07,0.000102653,4.14933e-07
Tue May 12 19:46:41 2026,1.324,3.67778e-07,0.000174694,7.06133e-07
Tue May 12 19:46:44 2026,1.746,4.85e-07,0.000230375,9.312e-07
Tue May 12 19:46:46 2026,0.634,1.76111e-07,8.36528e-05,3.38133e-07
Tue May 12 19:46:49 2026,0.963,2.675e-07,0.000127062,5.136e-07
Tue May 12 19:46:52 2026,0.757,2.10278e-07,9.98819e-05,4.03733e-07
Tue May 12 19:46:54 2026,3.353,9.31389e-07,0.00044241,1.78827e-06
Tue May 12 19:46:57 2026,1.626,4.51667e-07,0.000214542,8.672e-07
Tue May 12 19:46:59 2026,0.281,7.80556e-08,3.70764e-05,1.49867e-07
Tue May 12 19:47:02 2026,0.02,5.55556e-09,2.63889e-06,1.06667e-08
Tue May 12 19:47:05 2026,0.02,5.55556e-09,2.63889e-06,1.06667e-08
Tue May 12 19:47:07 2026,0.263,7.30556e-08,3.47014e-05,1.40267e-07
Tue May 12 19:47:10 2026,0.016,4.44444e-09,2.11111e-06,8.53333e-09
Tue May 12 19:47:12 2026,0.028,7.77778e-09,3.69444e-06,1.49333e-08
Tue May 12 19:47:15 2026,0.173,4.80556e-08,2.28264e-05,9.22667e-08
Tue May 12 19:47:17 2026,0.016,4.44444e-09,2.11111e-06,8.53333e-09
Tue May 12 19:47:20 2026,0.055,1.52778e-08,7.25694e-06,2.93333e-08
Tue May 12 19:47:23 2026,0.024,6.66667e-09,3.16667e-06,1.28e-08
Tue May 12 19:47:25 2026,0.072,2e-08,9.5e-06,3.84e-08
Tue May 12 19:47:28 2026,0.149,4.13889e-08,1.96597e-05,7.94667e-08
Tue May 12 19:47:30 2026,0.104,2.88889e-08,1.37222e-05,5.54667e-08
Tue May 12 19:47:33 2026,0.016,4.44444e-09,2.11111e-06,8.53333e-09
Tue May 12 19:47:35 2026,0.909,2.525e-07,0.000119938,4.848e-07
Tue May 12 19:47:38 2026,0.017,4.72222e-09,2.24306e-06,9.06667e-09
Tue May 12 19:47:41 2026,0.069,1.91667e-08,9.10417e-06,3.68e-08
Tue May 12 19:47:43 2026,0.016,4.44444e-09,2.11111e-06,8.53333e-09
Tue May 12 19:47:46 2026,0.069,1.91667e-08,9.10417e-06,3.68e-08
Tue May 12 19:47:48 2026,0.015,4.16667e-09,1.97917e-06,8e-09
Tue May 12 19:47:51 2026,0.094,2.61111e-08,1.24028e-05,5.01333e-08
Tue May 12 19:47:54 2026,0.106,2.94444e-08,1.39861e-05,5.65333e-08
Tue May 12 19:47:56 2026,0.058,1.61111e-08,7.65278e-06,3.09333e-08
Tue May 12 19:47:59 2026,0.015,4.16667e-09,1.97917e-06,8e-09
Tue May 12 19:48:01 2026,0.048,1.33333e-08,6.33333e-06,2.56e-08
Tue May 12 19:48:04 2026,0.017,4.72222e-09,2.24306e-06,9.06667e-09
Tue May 12 19:48:06 2026,0.016,4.44444e-09,2.11111e-06,8.53333e-09
Tue May 12 19:48:09 2026,0.016,4.44444e-09,2.11111e-06,8.53333e-09
Tue May 12 19:48:12 2026,0.015,4.16667e-09,1.97917e-06,8e-09
Tue May 12 19:48:14 2026,0.016,4.44444e-09,2.11111e-06,8.53333e-09
Tue May 12 19:48:17 2026,0.017,4.72222e-09,2.24306e-06,9.06667e-09
Tue May 12 19:48:19 2026,0.014,3.88889e-09,1.84722e-06,7.46667e-09
Tue May 12 19:48:22 2026,0.019,5.27778e-09,2.50694e-06,1.01333e-08
Tue May 12 19:48:24 2026,3.121,8.66944e-07,0.000411799,1.66453e-06
Tue May 12 19:48:27 2026,0.425,1.18056e-07,5.60764e-05,2.26667e-07
Tue May 12 19:48:30 2026,0.129,3.58333e-08,1.70208e-05,6.88e-08
Tue May 12 19:48:32 2026,0.207,5.75e-08,2.73125e-05,1.104e-07
Tue May 12 19:48:35 2026,0.398,1.10556e-07,5.25139e-05,2.12267e-07
Tue May 12 19:48:37 2026,0.107,2.97222e-08,1.41181e-05,5.70667e-08
Tue May 12 19:48:40 2026,0.425,1.18056e-07,5.60764e-05,2.26667e-07
Tue May 12 19:48:43 2026,0.013,3.61111e-09,1.71528e-06,6.93333e-09
Tue May 12 19:48:45 2026,1.169,3.24722e-07,0.000154243,6.23467e-07
Tue May 12 19:48:48 2026,0.156,4.33333e-08,2.05833e-05,8.32e-08
Tue May 12 19:48:50 2026,0.623,1.73056e-07,8.22014e-05,3.32267e-07
Tue May 12 19:48:53 2026,0.183,5.08333e-08,2.41458e-05,9.76e-08
Tue May 12 19:48:55 2026,0.172,4.77778e-08,2.26944e-05,9.17333e-08
Tue May 12 19:48:58 2026,1.101,3.05833e-07,0.000145271,5.872e-07
Tue May 12 19:49:01 2026,0.101,2.80556e-08,1.33264e-05,5.38667e-08
Tue May 12 19:49:03 2026,0.59,1.63889e-07,7.78472e-05,3.14667e-07
Tue May 12 19:49:06 2026,1.049,2.91389e-07,0.00013841,5.59467e-07
Tue May 12 19:49:08 2026,0.275,7.63889e-08,3.62847e-05,1.46667e-07
Tue May 12 19:49:11 2026,0.182,5.05556e-08,2.40139e-05,9.70667e-08
Tue May 12 19:49:13 2026,0.043,1.19444e-08,5.67361e-06,2.29333e-08
Tue May 12 19:49:16 2026,0.258,7.16667e-08,3.40417e-05,1.376e-07
Tue May 12 19:49:19 2026,0.055,1.52778e-08,7.25694e-06,2.93333e-08
Tue May 12 19:49:21 2026,0.102,2.83333e-08,1.34583e-05,5.44e-08
Tue May 12 19:49:24 2026,0.02,5.55556e-09,2.63889e-06,1.06667e-08
Tue May 12 19:49:26 2026,0.034,9.44444e-09,4.48611e-06,1.81333e-08
Tue May 12 19:49:29 2026,0.014,3.88889e-09,1.84722e-06,7.46667e-09
Tue May 12 19:49:32 2026,0.016,4.44444e-09,2.11111e-06,8.53333e-09
Tue May 12 19:49:34 2026,0.016,4.44444e-09,2.11111e-06,8.53333e-09
Tue May 12 19:49:37 2026,0.02,5.55556e-09,2.63889e-06,1.06667e-08
Tue May 12 19:49:39 2026,0.017,4.72222e-09,2.24306e-06,9.06667e-09
Tue May 12 19:49:42 2026,0.019,5.27778e-09,2.50694e-06,1.01333e-08
Tue May 12 19:49:44 2026,0.014,3.88889e-09,1.84722e-06,7.46667e-09
Tue May 12 20:00:04 2026,0.031,8.61111e-09,4.09028e-06,1.65333e-08
Tue May 12 20:00:07 2026,0.02,5.55556e-09,2.63889e-06,1.06667e-08
Tue May 12 20:00:10 2026,0.043,1.19444e-08,5.67361e-06,2.29333e-08
Tue May 12 20:00:12 2026,0.023,6.38889e-09,3.03472e-06,1.22667e-08
Tue May 12 20:00:15 2026,0.023,6.38889e-09,3.03472e-06,1.22667e-08
Tue May 12 20:00:17 2026,0.022,6.11111e-09,2.90278e-06,1.17333e-08

--- NEW SESSION START: Tue May 12 20:24:27 2026 ---
Tue May 12 20:24:29 2026,0.071,1.97222e-08,9.36806e-06,3.78667e-08
Tue May 12 20:24:32 2026,0.065,1.80556e-08,8.57639e-06,3.46667e-08
Tue May 12 20:24:34 2026,0.071,1.97222e-08,9.36806e-06,3.78667e-08
Tue May 12 20:24:37 2026,0.668,1.85556e-07,8.81389e-05,3.56267e-07
Tue May 12 20:24:39 2026,1.038,2.88333e-07,0.000136958,5.536e-07
Tue May 12 20:24:42 2026,0.773,2.14722e-07,0.000101993,4.12267e-07
Tue May 12 20:24:44 2026,1.553,4.31389e-07,0.00020491,8.28267e-07
Tue May 12 20:24:47 2026,3.6,1e-06,0.000475,1.92e-06
Tue May 12 20:24:50 2026,0.439,1.21944e-07,5.79236e-05,2.34133e-07
Tue May 12 20:24:52 2026,5.388,1.49667e-06,0.000710917,2.8736e-06
Tue May 12 20:24:55 2026,1.887,5.24167e-07,0.000248979,1.0064e-06
Tue May 12 20:24:57 2026,1.658,4.60556e-07,0.000218764,8.84267e-07
Tue May 12 20:25:00 2026,0.069,1.91667e-08,9.10417e-06,3.68e-08
Tue May 12 20:25:03 2026,0.067,1.86111e-08,8.84028e-06,3.57333e-08
Tue May 12 20:25:05 2026,0.911,2.53056e-07,0.000120201,4.85867e-07
Tue May 12 20:25:08 2026,0.145,4.02778e-08,1.91319e-05,7.73333e-08

--- NEW SESSION START (V3.7 Cross-Platform): Thu May 14 00:27:19 2026 ---
Timestamp,Watts,Temp_C,Energy_kWh,Carbon_gCO2e,Water_Liters
Thu May 14 00:27:26 2026,0.021,N/A,5.83333e-09,2.77083e-06,1.12e-08
Thu May 14 00:27:34 2026,0.074,N/A,2.05556e-08,9.76389e-06,3.94667e-08
Thu May 14 00:27:41 2026,0.022,N/A,6.11111e-09,2.90278e-06,1.17333e-08
Thu May 14 00:27:49 2026,0.467,N/A,1.29722e-07,6.16181e-05,2.49067e-07
Thu May 14 00:27:56 2026,0.221,N/A,6.13889e-08,2.91597e-05,1.17867e-07
Thu May 14 00:28:04 2026,0.034,N/A,9.44444e-09,4.48611e-06,1.81333e-08
Thu May 14 00:28:12 2026,0.031,N/A,8.61111e-09,4.09028e-06,1.65333e-08
Thu May 14 00:28:19 2026,0.302,N/A,8.38889e-08,3.98472e-05,1.61067e-07
Thu May 14 00:28:27 2026,0.45,N/A,1.25e-07,5.9375e-05,2.4e-07
Thu May 14 00:28:35 2026,0.046,N/A,1.27778e-08,6.06944e-06,2.45333e-08
Thu May 14 00:28:42 2026,0.1,N/A,2.77778e-08,1.31944e-05,5.33333e-08
Thu May 14 00:28:50 2026,0.089,N/A,2.47222e-08,1.17431e-05,4.74667e-08
Thu May 14 00:28:58 2026,0.86,N/A,2.38889e-07,0.000113472,4.58667e-07
Thu May 14 00:29:05 2026,0.058,N/A,1.61111e-08,7.65278e-06,3.09333e-08
Thu May 14 00:29:13 2026,0.33,N/A,9.16667e-08,4.35417e-05,1.76e-07
Thu May 14 00:29:20 2026,0.163,N/A,4.52778e-08,2.15069e-05,8.69333e-08
Thu May 14 00:29:28 2026,0.038,N/A,1.05556e-08,5.01389e-06,2.02667e-08
Thu May 14 00:29:36 2026,0.021,N/A,5.83333e-09,2.77083e-06,1.12e-08
Thu May 14 00:29:43 2026,0.035,N/A,9.72222e-09,4.61806e-06,1.86667e-08
Thu May 14 00:29:51 2026,0.097,N/A,2.69444e-08,1.27986e-05,5.17333e-08
Thu May 14 00:29:59 2026,0.193,N/A,5.36111e-08,2.54653e-05,1.02933e-07

--- NEW SESSION START (V3.8): Thu May 14 00:45:16 2026 ---
Timestamp,Watts,Temp_C,Energy_kWh,Carbon_gCO2e,Water_Liters
Thu May 14 00:45:17 2026,0.029,N/A,8.05556e-09,3.82639e-06,1.54667e-08
Thu May 14 00:45:20 2026,0.102,N/A,2.83333e-08,1.34583e-05,5.44e-08
Thu May 14 00:45:23 2026,0.02,N/A,5.55556e-09,2.63889e-06,1.06667e-08
Thu May 14 00:45:25 2026,0.021,N/A,5.83333e-09,2.77083e-06,1.12e-08
Thu May 14 00:45:28 2026,0.019,N/A,5.27778e-09,2.50694e-06,1.01333e-08
Thu May 14 00:45:30 2026,0.446,N/A,1.23889e-07,5.88472e-05,2.37867e-07
Thu May 14 00:45:33 2026,0.026,N/A,7.22222e-09,3.43056e-06,1.38667e-08
Thu May 14 00:45:36 2026,0.384,N/A,1.06667e-07,5.06667e-05,2.048e-07
Thu May 14 00:45:38 2026,0.519,N/A,1.44167e-07,6.84792e-05,2.768e-07
Thu May 14 00:45:41 2026,0.434,N/A,1.20556e-07,5.72639e-05,2.31467e-07
Thu May 14 00:45:44 2026,0.04,N/A,1.11111e-08,5.27778e-06,2.13333e-08
Thu May 14 00:45:46 2026,0.025,N/A,6.94444e-09,3.29861e-06,1.33333e-08
Thu May 14 00:45:49 2026,0.025,N/A,6.94444e-09,3.29861e-06,1.33333e-08
Thu May 14 00:45:52 2026,0.039,N/A,1.08333e-08,5.14583e-06,2.08e-08

--- NEW SESSION START (V3.9): Thu May 14 01:50:43 2026 ---
Timestamp,Watts,Temp_C,Energy_kWh,Carbon_gCO2e,Water_Liters
Thu May 14 01:50:50 2026,0.052,N/A,1.44444e-08,6.86111e-06,2.77333e-08
Thu May 14 01:50:57 2026,0.021,N/A,5.83333e-09,2.77083e-06,1.12e-08
Thu May 14 01:51:05 2026,1.175,N/A,3.26389e-07,0.000155035,6.26667e-07
Thu May 14 01:51:13 2026,0.031,N/A,8.61111e-09,4.09028e-06,1.65333e-08
Thu May 14 01:51:20 2026,0.278,N/A,7.72222e-08,3.66806e-05,1.48267e-07

--- NEW SESSION START (V3.9.1 Discovery): Thu May 14 01:57:59 2026 ---
Timestamp,Watts,Temp_C,Energy_kWh,Carbon_gCO2e,Water_Liters
Thu May 14 01:58:05 2026,0.035,N/A,9.72222e-09,4.61806e-06,1.86667e-08
Thu May 14 01:58:13 2026,0.026,N/A,7.22222e-09,3.43056e-06,1.38667e-08
Thu May 14 01:58:21 2026,0.023,N/A,6.38889e-09,3.03472e-06,1.22667e-08
Thu May 14 01:58:28 2026,0.057,N/A,1.58333e-08,7.52083e-06,3.04e-08
Thu May 14 01:58:36 2026,0.112,N/A,3.11111e-08,1.47778e-05,5.97333e-08
Thu May 14 01:58:44 2026,0.022,N/A,6.11111e-09,2.90278e-06,1.17333e-08
Thu May 14 01:58:51 2026,0.022,N/A,6.11111e-09,2.90278e-06,1.17333e-08

--- NEW SESSION START: Thu May 14 02:48:22 2026 ---
Thu May 14 02:48:24 2026,42,0,0,0.042,1.16667e-08,5.54167e-06,2.24e-08
Thu May 14 02:48:25 2026,32,2,0,0.034,9.44444e-09,4.48611e-06,1.81333e-08
Thu May 14 02:48:26 2026,37,5,0,0.042,1.16667e-08,5.54167e-06,2.24e-08
Thu May 14 02:48:27 2026,32,2,0,0.034,9.44444e-09,4.48611e-06,1.81333e-08
Thu May 14 02:48:28 2026,140,1,0,0.141,3.91667e-08,1.86042e-05,7.52e-08
Thu May 14 02:48:29 2026,34,4,0,0.038,1.05556e-08,5.01389e-06,2.02667e-08
Thu May 14 02:48:30 2026,85,2,0,0.087,2.41667e-08,1.14792e-05,4.64e-08
Thu May 14 02:48:31 2026,28,2,0,0.03,8.33333e-09,3.95833e-06,1.6e-08
Thu May 14 02:48:32 2026,117,7,0,0.124,3.44444e-08,1.63611e-05,6.61333e-08
Thu May 14 02:48:33 2026,131,2,0,0.133,3.69444e-08,1.75486e-05,7.09333e-08
Thu May 14 02:48:34 2026,26,2,0,0.028,7.77778e-09,3.69444e-06,1.49333e-08
Thu May 14 02:48:35 2026,25,2,0,0.027,7.5e-09,3.5625e-06,1.44e-08
Thu May 14 02:48:36 2026,22,2,0,0.024,6.66667e-09,3.16667e-06,1.28e-08
Thu May 14 02:48:37 2026,27,2,0,0.029,8.05556e-09,3.82639e-06,1.54667e-08
Thu May 14 02:48:38 2026,129,1,0,0.13,3.61111e-08,1.71528e-05,6.93333e-08
Thu May 14 02:48:39 2026,35,2,0,0.037,1.02778e-08,4.88194e-06,1.97333e-08
Thu May 14 02:48:40 2026,26,1,0,0.027,7.5e-09,3.5625e-06,1.44e-08
Thu May 14 02:48:41 2026,31,1,0,0.032,8.88889e-09,4.22222e-06,1.70667e-08
Thu May 14 02:48:42 2026,35,1,0,0.036,1e-08,4.75e-06,1.92e-08
Thu May 14 02:48:43 2026,88,1,0,0.089,2.47222e-08,1.17431e-05,4.74667e-08
Thu May 14 02:48:44 2026,27,1,0,0.028,7.77778e-09,3.69444e-06,1.49333e-08
Thu May 14 02:48:45 2026,383,6,0,0.389,1.08056e-07,5.13264e-05,2.07467e-07
Thu May 14 02:48:46 2026,34,5,0,0.038,1.05556e-08,5.01389e-06,2.02667e-08
Thu May 14 02:48:47 2026,27,2,0,0.029,8.05556e-09,3.82639e-06,1.54667e-08
Thu May 14 02:48:48 2026,99,2,0,0.101,2.80556e-08,1.33264e-05,5.38667e-08
Thu May 14 02:48:49 2026,51,2,0,0.053,1.47222e-08,6.99306e-06,2.82667e-08
Thu May 14 02:48:50 2026,29,2,0,0.03,8.33333e-09,3.95833e-06,1.6e-08
Thu May 14 02:48:51 2026,22,1,0,0.023,6.38889e-09,3.03472e-06,1.22667e-08
Thu May 14 02:48:52 2026,32,1,0,0.033,9.16667e-09,4.35417e-06,1.76e-08
